{"data/1011/1011": 0.0, "data/480/480": 33.333333333333336, "data/1192/1192": 11.904761904761905, "data/1307/1307": 83.33333333333333, "data/1131/1131": 14.285714285714286, "data/1072/1072": 30.952380952380953, "data/1155/1155": 94.73684210526316, "data/1315/1315": 0, "data/407/407": 73.91304347826087, "data/1198/1198": 0.0, "data/1355/1355": 62.96296296296296, "data/1194/1194": 40.476190476190474, "data/1128/1128": 0.0, "data/406/406": 80.43478260869566, "data/1079/1079": 21.428571428571427, "data/424/424": 100.0, "data/1087/1087": 100.0, "data/363/363": 92.85714285714286, "data/408/408": 90.9090909090909, "data/1100/1100": 88.0, "data/427/427": 60.0, "data/410/410": 84.21052631578948, "data/1150/1150": 100.0, "data/313/313": 85.71428571428571, "data/1189/1189": 12.0, "data/1196/1196": 21.428571428571427, "data/1101/1101": 97.22222222222223, "data/364/364": 0, "data/1325/1325": 90.0, "data/1311/1311": 0, "data/1078/1078": 57.142857142857146, "data/1156/1156": 84.21052631578948, "data/308/308": 100.0, "data/1188/1188": 0.0, "data/1075/1075": 100.0, "data/366/366": 100.0, "data/1099/1099": 88.88888888888889, "data/478/478": 77.77777777777777, "data/335/335": 0.0, "data/1174/1174": 0.0, "data/1344/1344": 80.95238095238095, "data/1197/1197": 100.0, "data/1130/1130": 0.0}